question,answer
"What is a SIM card?","A SIM card (Subscriber Identity Module) is a small chip that identifies a mobile subscriber on a cellular network. It stores authentication keys, phone number identity, and basic carrier configuration required for network access."
"What types of SIM cards exist?","Common SIM types include Standard SIM, Micro SIM, Nano SIM, and eSIM. Modern smartphones typically use Nano SIM or eSIM, while older devices may use larger formats."
"What is an eSIM?","An eSIM is an embedded SIM that is built directly into a device. Instead of inserting a physical card, the user installs a digital carrier profile by scanning a QR code or downloading it from a provisioning server."
"How do I activate a new SIM card?","Insert the SIM into your device, power on the phone, complete identity verification if required, and wait for the device to register on the network. Activation usually completes within a few minutes."
"How long does SIM activation take?","Most SIM activations finish within 10–30 minutes. In some cases activation may take longer if identity verification requires manual review."
"Why is my SIM showing 'No Service'?","A SIM may show 'No Service' if it is not activated, the device is outside coverage, the SIM is damaged, or the phone does not support the network bands used by the carrier."
"How do I check if my SIM is active?","Insert the SIM into a phone and check if the device detects network signal and assigns the correct phone number. You can also dial a test code or check status through the carrier app."
"What should I do if my SIM card is lost?","Immediately block the SIM through the account portal or customer support to prevent unauthorized usage. After identity verification, request a replacement SIM."
"Can I transfer my number to a new SIM?","Yes. Number transfer is performed by issuing a replacement SIM linked to the same account. Once activated, the new SIM inherits the existing phone number and service profile."
"What is SIM replacement?","SIM replacement means issuing a new SIM card for an existing mobile number when the original SIM is lost, damaged, or upgraded to a new format like Nano SIM or eSIM."
"Is there a fee for SIM replacement?","Replacement fees may apply depending on the provider and region. The fee typically covers provisioning, identity verification, and SIM manufacturing costs."
"Can a SIM card expire?","Yes. A SIM card can become inactive if the account remains unused for a long period or if the service plan expires without renewal."
"How do I convert a physical SIM to eSIM?","Log into the account portal, request SIM conversion, verify identity, and scan the generated QR code on your device. The physical SIM automatically deactivates once the eSIM profile installs."
"Can I move my SIM to another phone?","Yes. Simply remove the SIM card from the old device and insert it into the new one. The network automatically registers the device using the SIM's subscriber identity."
"What information is stored on a SIM card?","A SIM stores the IMSI number, authentication keys, network configuration, SMS storage, and sometimes limited contact information."
"What is IMSI on a SIM card?","IMSI stands for International Mobile Subscriber Identity. It is a unique identifier stored in the SIM that allows the network to authenticate and identify the subscriber."
"Can a SIM card be used for mobile data?","Yes. A SIM enables mobile data connectivity by authenticating the device with the cellular network and assigning an IP address for internet access."
"What is a data-only SIM?","A data-only SIM provides mobile internet connectivity without voice calling or SMS capabilities. It is commonly used in routers, tablets, and IoT devices."
"Why does my SIM require identity verification?","Identity verification ensures compliance with telecom regulations and helps prevent fraud, SIM misuse, and unauthorized account access."
"What happens if a SIM is blocked?","A blocked SIM cannot connect to the cellular network for calls, messages, or data until the account holder verifies identity and requests reactivation."
"How do I unlock a SIM card?","A SIM can be unlocked by entering the correct PIN code or contacting customer support if the SIM was blocked due to security reasons."
"What is a SIM PIN?","A SIM PIN is a security code that protects the SIM card from unauthorized use. The phone will request this PIN whenever the device restarts or the SIM is inserted."
"What happens if I enter the wrong SIM PIN multiple times?","If the SIM PIN is entered incorrectly multiple times, the SIM becomes locked and requires a PUK (Personal Unblocking Key) to unlock."
"What is a PUK code?","A PUK code is a security key used to unlock a SIM card that has been locked after repeated incorrect PIN attempts."
"Can SIM cards support 5G networks?","Yes, if the SIM and device both support 5G provisioning and the network provides 5G coverage."
"Do SIM cards store phone contacts?","Some SIM cards can store a limited number of contacts, but most modern smartphones store contacts in the device memory or cloud accounts."
"What is SIM provisioning?","SIM provisioning is the process of assigning a subscriber profile, authentication keys, and service permissions to a SIM card in the carrier's network."
"What is SIM swapping?","SIM swapping occurs when a mobile number is transferred to a different SIM card, either legitimately through account verification or fraudulently by attackers attempting account takeover."
"How can I protect my SIM from fraud?","Enable SIM PIN protection, use multi-factor authentication on accounts, and report suspicious network changes immediately."
"Can a SIM card work internationally?","Yes, SIM cards can function internationally if roaming is enabled or if the SIM supports partner network agreements in the visited country."
"What is SIM roaming?","SIM roaming allows a mobile device to connect to foreign networks when the subscriber travels outside the home network coverage area."
"Why does my SIM not work in another country?","International roaming may not be enabled, the device may lack supported frequency bands, or the destination network may not have a roaming agreement."
"Can I order a SIM card online?","Yes. Many providers allow online SIM orders with digital identity verification and home delivery."
"How do I know which SIM size my phone needs?","Check the phone's specifications or SIM tray size. Most modern smartphones require Nano SIM."
"What is dual SIM?","Dual SIM phones support two SIM cards simultaneously, allowing users to maintain two mobile numbers on a single device."
"What is dual standby?","Dual standby means both SIMs remain connected to the network but only one SIM can actively handle calls or data at a time."
"What is dual active SIM?","Dual active SIM allows both SIM cards to operate simultaneously, enabling calls and data on both numbers without switching."
"Why does my phone say 'SIM not detected'?","This can occur if the SIM is inserted incorrectly, the SIM contacts are dirty, the tray is damaged, or the device hardware is faulty."
"How do I clean a SIM card safely?","Remove the SIM and gently wipe the metal contacts using a dry microfiber cloth. Avoid liquids or abrasive materials."
"Can a damaged SIM be repaired?","Physically damaged SIM cards usually cannot be repaired and must be replaced."
"What is SIM authentication?","SIM authentication is a cryptographic process where the network verifies the subscriber identity using secret keys stored on the SIM."
"What is SIM registration on a network?","SIM registration occurs when the device connects to a nearby cellular tower and authenticates the subscriber identity to gain network access."
"What is a SIM profile?","A SIM profile is the configuration stored on the SIM that defines network identity, authentication credentials, and service permissions."
"What is multi-profile eSIM?","Multi-profile eSIM allows multiple carrier profiles to be stored on a single eSIM, enabling users to switch between networks without changing hardware."
"What is SIM deactivation?","SIM deactivation disables the subscriber identity on the network, preventing calls, SMS, and data usage."
"What is SIM reactivation?","SIM reactivation restores service to a previously suspended or deactivated SIM after verification or payment completion."